date,home,away,hs,as_,y,p_w,p_d,p_l,i_w,i_d,i_l,b_w,b_d,b_l,lam_h,lam_a,tournament
2014-06-12,Brazil,Croatia,3,1,0,0.8424624799037752,0.11306210634438424,0.044475413751840574,0.8439852339383125,0.10990093642934153,0.046113829632345935,0.7292904848200886,0.21190965092402464,0.05879986425588677,2.844626842624639,0.5413585738924446,WC2014
2014-06-13,Chile,Australia,3,1,0,0.5597781762096221,0.24597224286900612,0.19424958092137165,0.5632179601029432,0.23900669786729478,0.19777534202976216,0.570745545388271,0.21190965092402464,0.21734480368770437,1.7056684704777516,0.9028502064930024,WC2014
2014-06-13,Mexico,Cameroon,1,0,0,0.5395983901586118,0.25197123572370067,0.20843037411768742,0.5431279791469035,0.24483304932026942,0.21203897153282714,0.5553104640237723,0.21190965092402464,0.23277988505220312,1.6525525796529377,0.9318693696891982,WC2014
2014-06-13,Spain,Netherlands,1,5,2,0.5189090219648609,0.25756869697516477,0.22352228105997443,0.5225229928579163,0.2502693686504519,0.22720763849163206,0.5388829674855392,0.21190965092402464,0.24920738159043626,1.599932466194324,0.9625175832842944,WC2014
2014-06-14,Colombia,Greece,3,0,0,0.4937696404136123,0.26358635541636266,0.24264400417002516,0.4974751956932429,0.2561137295721161,0.24641107473464105,0.5181083916628976,0.21190965092402464,0.26998195741307784,1.5382255801231663,1.001129581173742,WC2014
2014-06-14,England,Italy,1,2,2,0.3924116518255954,0.27819542915719003,0.32939291901721457,0.39635047992303485,0.27030184409469715,0.3333476759822682,0.4257629977783945,0.21190965092402464,0.3623273512975809,1.30869733402358,1.176714501316234,WC2014
2014-06-14,Ivory Coast,Japan,2,1,0,0.3835222857716513,0.278658766957751,0.3378189472705977,0.3874699749322802,0.27075182534015524,0.34177819972756446,0.4170618090877248,0.21190965092402464,0.37102853998825064,1.2897019278530402,1.1940457694306235,WC2014
2014-06-14,Uruguay,Costa Rica,1,3,2,0.5820411262478051,0.23875722797383783,0.1792016457783569,0.5853735727425424,0.23199923512007153,0.18262719213738596,0.5870988771920337,0.21190965092402464,0.20099147188394179,1.766561933946044,0.8717289222572349,WC2014
2014-06-15,Argentina,Bosnia and Herzegovina,2,1,0,0.6426309764447791,0.21610849727875486,0.14126052627646593,0.6456299347646361,0.21000140167560274,0.1443686635597613,0.6280480423747136,0.21190965092402464,0.1600423067012619,1.9470334742633106,0.7909279173344002,WC2014
2014-06-15,France,Honduras,3,0,0,0.5676488682531315,0.24349197089242322,0.1888591608544452,0.5710516784418564,0.23659778564940265,0.1923505359087409,0.5766079007094794,0.21190965092402464,0.21148244836649602,1.7269074544831862,0.8917461829130319,WC2014
2014-06-15,Switzerland,Ecuador,2,1,0,0.35178283646189507,0.2790987815315146,0.3691183820065904,0.3557448445520991,0.2711791553855653,0.37307600006233577,0.38530985644664456,0.21190965092402464,0.4027804926293308,1.2229546709970633,1.2592152164756232,WC2014
2014-06-16,Germany,Portugal,4,0,0,0.5124599872017805,0.2591957877922418,0.22834422500597776,0.5160986188221095,0.251849608187909,0.23205177298998148,0.5336383289899107,0.21190965092402464,0.25445202008606477,1.5838802802612593,0.9722724311748022,WC2014
2014-06-16,Ghana,United States,1,2,2,0.23284864886269335,0.26064792797015496,0.5065034231671517,0.23657594549199135,0.25325993096476007,0.5101641235432486,0.25934823364424786,0.21190965092402464,0.5287421154317276,0.9813724898552805,1.5691932947973042,WC2014
2014-06-16,Iran,Nigeria,0,0,1,0.3560528149991961,0.2791539209091718,0.36479326409163204,0.3600145296858485,0.2712327052106726,0.3687527651034788,0.3896405797012101,0.21190965092402464,0.39844976937476534,1.2318457341218372,1.2501266093008443,WC2014
2014-06-17,Belgium,Algeria,2,1,0,0.5622563249965875,0.2451997100044546,0.19254396499895796,0.565684583655649,0.2382563926716764,0.19605902367267458,0.5726009050749951,0.21190965092402464,0.21548944400098036,1.712322840694113,0.8993415810275573,WC2014
2014-06-17,Brazil,Mexico,0,0,1,0.7876237623829553,0.1454842033585048,0.06689203425853969,0.7896046961882652,0.1413994350784829,0.06899586873325225,0.7061860970533628,0.21190965092402464,0.08190425202261262,2.523481453317973,0.61025339764421,WC2014
2014-06-17,Russia,South Korea,1,1,1,0.5110798482093043,0.25953660422907143,0.22938354756162405,0.5147236540813518,0.25218061042142353,0.23309573549722445,0.5325083173227794,0.21190965092402464,0.25558203175319605,1.5804655454389647,0.9743731112795162,WC2014
2014-06-18,Australia,Netherlands,2,3,2,0.09187561685764216,0.17425296858384887,0.7338714145585088,0.09439043916956158,0.16934591141128674,0.7362636494191517,0.10779936920185969,0.21190965092402464,0.6802909798741157,0.676336801978191,2.276917545038602,WC2014
2014-06-18,Cameroon,Croatia,0,4,2,0.24580909049774094,0.264473268019737,0.4897176414825219,0.24958810901708806,0.25697509565622617,0.49343679532668583,0.2734130517753272,0.21190965092402464,0.5146772973006483,1.0075065871713005,1.5284893919185967,WC2014
2014-06-18,Spain,Chile,0,2,2,0.45706589780576073,0.2707434006522683,0.2721907015419709,0.46088230465924235,0.26306458771636104,0.27605310762439667,0.4862090009470835,0.21190965092402464,0.3018813481288919,1.4519396316670778,1.060624765102181,WC2014
2014-06-19,Colombia,Ivory Coast,2,1,0,0.48306816042300216,0.26587759391042515,0.25105424566657275,0.48680891219908007,0.2583389688891707,0.2548521189117493,0.5089975678518783,0.21190965092402464,0.2790927812240971,1.5126303956161917,1.0180696720378382,WC2014
2014-06-19,Japan,Greece,0,0,1,0.3648977295005008,0.2791530156323124,0.35594925486718676,0.3688571911227482,0.2712318260310832,0.3599109828461685,0.39855459488321265,0.21190965092402464,0.38953575419276276,1.250345788057494,1.2316297983231421,WC2014
2014-06-19,Uruguay,England,2,1,0,0.3384464238077035,0.2786872305538117,0.38286634563848476,0.3424059245027302,0.2707794684104307,0.3868146070868391,0.3716740570538827,0.21190965092402464,0.4164162920220928,1.195339639669684,1.2883059171408302,WC2014
2014-06-20,Honduras,Ecuador,1,2,2,0.22975457779189334,0.2596574322471648,0.5105879899609417,0.23346840999486632,0.252297959010467,0.5142336309946667,0.25598539721502084,0.21190965092402464,0.5321049518609545,0.9751228884468952,1.5792503170879137,WC2014
2014-06-20,Italy,Costa Rica,0,1,2,0.48824504092496257,0.26478976948513555,0.24696518958990202,0.4919690550791597,0.2572824803412494,0.25074846457959094,0.5134247172883897,0.21190965092402464,0.2746656317875858,1.5249646770530534,1.0098352794343881,WC2014
2014-06-20,Switzerland,France,2,5,2,0.30601288948581806,0.2760903424578185,0.41789676805636333,0.3099434206495638,0.268257436147964,0.42179914320247214,0.3378858175595715,0.21190965092402464,0.45020453151640394,1.1289938291981605,1.3640137713358114,WC2014
2014-06-21,Argentina,Iran,1,0,0,0.6664425983959286,0.20605666006497075,0.12750074153910068,0.669294852567224,0.2002381152737345,0.1304670321590413,0.6427450203386431,0.21190965092402464,0.14534532873733236,2.025188966184621,0.7604046617341953,WC2014
2014-06-21,Germany,Ghana,2,2,1,0.7692020098308776,0.15567959536302137,0.07511839480610118,0.7713282012470377,0.15130368243341424,0.07736811631954807,0.6976923703874971,0.21190965092402464,0.09039797868847832,2.4330483339585744,0.6329356919407839,WC2014
2014-06-21,Nigeria,Bosnia and Herzegovina,1,0,0,0.3681283616575314,0.27911458700457964,0.352757051337889,0.372086456178931,0.2711945052204893,0.3567190386005795,0.401790880183387,0.21190965092402464,0.3862994688925884,1.257132262306784,1.2249809959961375,WC2014
2014-06-22,Belgium,Russia,1,0,0,0.39350714495697636,0.27812842178539465,0.32836443325762915,0.397444739979264,0.2702367683047642,0.33231849171597194,0.4268291739441153,0.21190965092402464,0.3612611751318601,1.311048379992435,1.1746043504422983,WC2014
2014-06-22,South Korea,Algeria,2,4,2,0.4383997664332765,0.27359887089966295,0.2880013626670605,0.44226149105028933,0.2658377718606359,0.29190073708907466,0.46929555542765483,0.21190965092402464,0.3187947936483206,1.4095573121856382,1.092515442590694,WC2014
2014-06-22,United States,Portugal,2,2,1,0.37119846903975984,0.27905945279739014,0.34974207816284997,0.37515499865694446,0.27114096041344454,0.353704040929611,0.40485642103036773,0.21190965092402464,0.3832339280456077,1.2635966770080336,1.2187141346602726,WC2014
2014-06-23,Australia,Spain,0,3,2,0.1310060000444546,0.20872194423300156,0.6602720557225439,0.13400994880342926,0.20282690960885447,0.6631631415877164,0.14907985895957349,0.21190965092402464,0.6390104901164019,0.7682604431775046,2.0044805696492656,WC2014
2014-06-23,Brazil,Cameroon,4,1,0,0.930038591846728,0.05456332549525277,0.01539808265801931,0.9307517111695758,0.0530564692847017,0.01619181954572257,0.7604776896780443,0.21190965092402464,0.02761265939793112,3.699706737609296,0.416239242728343,WC2014
2014-06-23,Croatia,Mexico,1,3,2,0.29402498352647854,0.27451991510591717,0.43145510136760445,0.29793604058197654,0.26673227157811746,0.435331687839906,0.3252021209434569,0.21190965092402464,0.4628882281325185,1.1046934326149715,1.3940185442527007,WC2014
2014-06-23,Netherlands,Chile,2,0,0,0.4243819168128403,0.27537719133689953,0.3002408918502603,0.42827249564702186,0.2675648399138917,0.30416266443908646,0.45629979827017575,0.21190965092402464,0.33179055080579967,1.3783122077689678,1.117281790075801,WC2014
2014-06-24,Costa Rica,England,0,0,1,0.3592056283724131,0.27917127756765364,0.3616230940599332,0.3631667925443631,0.2712495615121405,0.36558364594349635,0.3928269080515231,0.21190965092402464,0.39526344102445227,1.2384270500446841,1.2434831189482478,WC2014
2014-06-24,Greece,Ivory Coast,2,1,0,0.2962362796847888,0.27483562462809374,0.42892809568711754,0.3001513031328285,0.2670388820463345,0.4328098148208368,0.3275487472937544,0.21190965092402464,0.46054160178222103,1.1091690193629367,1.3883935666215563,WC2014
2014-06-24,Italy,Uruguay,0,1,2,0.3445164991062454,0.27892003915889785,0.3765634617348569,0.348477792075867,0.2710055657481553,0.3805166421759777,0.37790056317840987,0.21190965092402464,0.4101897858975656,1.2078807393771314,1.274929784519584,WC2014
2014-06-24,Japan,Colombia,1,4,2,0.16632676028642696,0.23183046623229664,0.6018427734812763,0.16965562496534028,0.22527164410518477,0.6050727309294751,0.18703961335598318,0.21190965092402464,0.6010507357199922,0.8447485035524424,1.8229841477118878,WC2014
2014-06-25,Bosnia and Herzegovina,Iran,3,1,0,0.33601428484627915,0.2785722696112197,0.38541344554250123,0.3399727569814609,0.27066782146226137,0.3893594215562779,0.3691700722005101,0.21190965092402464,0.4189202768754653,1.190327076626631,1.2937310769605226,WC2014
2014-06-25,Ecuador,France,0,0,1,0.228020584161359,0.2590889481609168,0.5128904676777241,0.2317266770039233,0.2517458450873145,0.5165274779087622,0.2541001061932524,0.21190965092402464,0.533990242882723,0.9716181589698721,1.5849468400345046,WC2014
2014-06-25,Honduras,Switzerland,0,3,2,0.20482766535803898,0.25051728720519334,0.5446550474367676,0.20841623396425413,0.243420948863566,0.5481628171721797,0.2288575435890482,0.21190965092402464,0.5592328054869272,0.9245203717393002,1.6656886942169904,WC2014
2014-06-25,Nigeria,Argentina,2,3,2,0.1418133677439071,0.21648999095242957,0.6416966413036636,0.1449268785213912,0.2103719399854945,0.6447011814931143,0.160634813834219,0.21190965092402464,0.6274555352417565,0.7921377150422226,1.9440598541597762,WC2014
2014-06-26,Algeria,Russia,1,1,1,0.26257336523053754,0.2686832942678144,0.4687433405016481,0.26640862776122765,0.26106383935550187,0.4725275328832703,0.29153420746770864,0.21190965092402464,0.4965561416082668,1.041258435115607,1.4789442071683823,WC2014
2014-06-26,South Korea,Belgium,0,1,2,0.15611620674922289,0.22580182356290907,0.6180819696878678,0.15936062063330603,0.21941627441003644,0.6212231049566576,0.1760120309169693,0.21190965092402464,0.6120783181590062,0.8230595819765271,1.8710226628809967,WC2014
2014-06-26,Portugal,Ghana,2,1,0,0.5157935557253653,0.2583618133537539,0.22584463092088075,0.5194195389624161,0.251039648187921,0.22954081284966288,0.5363566662739188,0.21190965092402464,0.2517336828020566,1.592157899669606,0.9672175926137756,WC2014
2014-06-26,United States,Germany,0,1,2,0.192790386310011,0.24531201929671928,0.5618975943932698,0.19630700133285717,0.23836547061528252,0.5653275280518604,0.21575747775903342,0.21190965092402464,0.572332871316942,0.8998487657128488,1.7113577186045283,WC2014
2014-06-28,Brazil,Chile,1,1,1,0.6722730985980429,0.20349979110016472,0.12422711030179247,0.6750881444132129,0.1977546105432987,0.12715724504348844,0.6462266208546842,0.21190965092402464,0.1418637282212912,2.045067264298397,0.7530134375838041,WC2014
2014-06-28,Colombia,Uruguay,2,0,0,0.4586544812183665,0.27047534285977337,0.27087017592186013,0.4624666776368432,0.26280425388083223,0.2747290684823244,0.48762730761832757,0.21190965092402464,0.30046304145764785,1.4555902779644503,1.0579646993335112,WC2014
2014-06-29,Costa Rica,Greece,1,1,1,0.4044750273584981,0.27733992886793407,0.31818504377356793,0.40839860358908275,0.2694710042824297,0.32213039212848743,0.4374276487754096,0.21190965092402464,0.3506627003005658,1.3347151909741561,1.1537765818455121,WC2014
2014-06-29,Netherlands,Mexico,2,1,0,0.5516453770274079,0.24845283290634673,0.1999017900662452,0.5551222265829856,0.2414159081189299,0.2034618652980845,0.5645949350893988,0.21190965092402464,0.22349541398657663,1.6840365911089485,0.914447547582898,WC2014
2014-06-30,France,Nigeria,2,0,0,0.5492653111563773,0.24916280246680203,0.20157188637682066,0.5527527864708692,0.24210544608841286,0.205141767440718,0.5627770760622597,0.21190965092402464,0.22531327301371573,1.6777645212833026,0.9178660719333497,WC2014
2014-06-30,Germany,Algeria,2,1,0,0.7901429153860176,0.14406286005295332,0.06579422456102926,0.7921036427039618,0.14001865541458666,0.06787770188145141,0.7073178345112876,0.21190965092402464,0.08077251456468787,2.5364137564487317,0.6071419250365389,WC2014
2014-07-01,Argentina,Switzerland,1,0,0,0.5995716072233048,0.2326488163354763,0.16777957644121883,0.6028136476447702,0.2260664681823923,0.17111988417283755,0.5994787736942301,0.21190965092402464,0.18861157538174533,1.81639666742962,0.8478121317843206,WC2014
2014-07-01,Belgium,United States,2,1,0,0.36885828228558853,0.27910311633672835,0.35203860137768306,0.3728160281222678,0.2711833652276112,0.35600060665012095,0.40252059789124295,0.21190965092402464,0.38556975118473247,1.2586678299878526,1.2234865260632772,WC2014
2014-07-04,Brazil,Colombia,2,1,0,0.5592014410259438,0.2461509206152713,0.19464763835878482,0.5626438917647456,0.2391802344653784,0.198175873769876,0.5703124914271043,0.21190965092402464,0.21777785764887117,1.7041240822419288,0.9036684281542935,WC2014
2014-07-04,France,Germany,0,1,2,0.23356956438086857,0.2608743533467471,0.5055560822723844,0.237299935182602,0.2534798356346332,0.5092202291827648,0.2601315302983292,0.21190965092402464,0.5279588187776462,0.9828279401639516,1.5668695077213117,WC2014
2014-07-05,Argentina,Belgium,1,0,0,0.525551058648885,0.25583395143350074,0.21861498991761452,0.5291388074968122,0.24858456934431492,0.2222766231588727,0.5442230610861744,0.21190965092402464,0.2438672879898011,1.6166346228240107,0.9525733947781992,WC2014
2014-07-05,Netherlands,Costa Rica,0,0,1,0.6755708060872851,0.202037173018628,0.12239202089408702,0.6783645863076935,0.19633395301706563,0.12530146067524117,0.6481756345419555,0.21190965092402464,0.13991471453401988,2.056448587526361,0.7488459182107812,WC2014
2014-07-08,Brazil,Germany,1,7,2,0.4865220907494776,0.2651561162869428,0.24832179296357965,0.4902517358692717,0.25763827437032183,0.25210998976040666,0.5119553899684282,0.21190965092402464,0.27613495910754726,1.5208498735274527,1.012567484526042,WC2014
2014-07-09,Netherlands,Argentina,0,0,1,0.3702461682744431,0.27907848544400643,0.3506753462815503,0.3742032108588123,0.2711594443904862,0.35463734475070147,0.40390658112770256,0.21190965092402464,0.38418376794827286,1.261589910766768,1.220652699928049,WC2014
2014-07-12,Brazil,Netherlands,0,3,2,0.417957794969396,0.27608395994698165,0.3059582450836224,0.4218600637677051,0.2682512376013689,0.3098886986309263,0.45026213016543304,0.21190965092402464,0.3378282189105424,1.3641478802624494,1.1288828381884575,WC2014
2014-07-13,Germany,Argentina,1,0,0,0.4965258545526843,0.26296970502600453,0.2405044404213112,0.5002219724852524,0.2555148403410497,0.24426318717369788,0.5204292343110584,0.21190965092402464,0.2676611147649171,1.5448802275933347,0.9968171663239207,WC2014
2018-06-14,Russia,Saudi Arabia,5,0,0,0.5289840243474353,0.25591516344039134,0.2151008122121734,0.5329831516358559,0.24788969024232463,0.21912715812181965,0.5431553234438831,0.21837441434100632,0.23847026221511058,1.6234692244641376,0.9439751272757044,WC2018
2018-06-15,Egypt,Uruguay,0,1,2,0.172457058326621,0.23657001716957135,0.5909729245038076,0.1761824140019425,0.22915352229306202,0.5946640637049955,0.19239089578388802,0.21837441434100632,0.5892346898751056,0.8562501155892225,1.7897977937639569,WC2018
2018-06-15,Morocco,Iran,0,1,2,0.28881992003824275,0.27507852631358004,0.4361015536481774,0.2931411372485138,0.266449567957707,0.44040929479377916,0.3175849432206174,0.21837441434100632,0.46404064243837617,1.0925932051556724,1.4026396654859035,WC2018
2018-06-15,Portugal,Spain,3,3,1,0.28908467306676877,0.2751201673560037,0.43579515957722764,0.2934065206915223,0.26648989741725265,0.4401035818912251,0.3178650187816158,0.21837441434100632,0.4637605668773779,1.0931278055318878,1.4019536965725992,WC2018
2018-06-16,France,Australia,2,1,0,0.5945605561425444,0.23530408278734724,0.17013536107010824,0.5982316023145889,0.22792743063781923,0.1738409670475916,0.5917343866816369,0.21837441434100632,0.18989119897735673,1.8000316171902584,0.8513820274912098,WC2018
2018-06-16,Argentina,Iceland,1,1,1,0.6269087766913286,0.22320076502942293,0.1498904582792485,0.6303880036004881,0.21620498618663014,0.15340701021288167,0.6134553932916206,0.21837441434100632,0.1681701923673731,1.8958854792644237,0.8083370987082601,WC2018
2018-06-16,Peru,Denmark,0,1,2,0.5039625952524324,0.26230041585774266,0.23373698888982497,0.5080639268356023,0.2540738854978837,0.23786218766651418,0.5230109558050399,0.21837441434100632,0.2586146298539538,1.5611285440930063,0.9816709671925785,WC2018
2018-06-16,Croatia,Nigeria,2,0,0,0.5617646922027357,0.24629089134148102,0.19194441645578345,0.5656103479267434,0.23856841671345602,0.19582123535980062,0.568204064760813,0.21837441434100632,0.21342152089818067,1.7090967984795464,0.8966809657329445,WC2018
2018-06-17,Costa Rica,Serbia,0,1,2,0.407405924520751,0.2783046665726339,0.31428940890661516,0.41176691570657636,0.2695740903055327,0.31865899398789077,0.4373025657547301,0.21837441434100632,0.34432301990426356,1.339352263990584,1.144220687114542,WC2018
2018-06-17,Germany,Mexico,0,1,2,0.6007470462666277,0.2330848487621838,0.16616810497118856,0.6043828831589699,0.2257780399585734,0.1698390768824566,0.5960021279352252,0.21837441434100632,0.18562345772376848,1.8178559336656654,0.843034114755971,WC2018
2018-06-17,Brazil,Switzerland,1,1,1,0.6630945253894689,0.20823656494644463,0.12866890966408656,0.6663371988830745,0.20171154712664668,0.1319512539902788,0.6360353892900119,0.21837441434100632,0.14559019636898174,2.0118970300354175,0.7617261444860053,WC2018
2018-06-18,Sweden,South Korea,1,0,0,0.41335096363921103,0.2777502232590015,0.3088988131017875,0.4177027066134211,0.2690371114431249,0.31326018194345395,0.4429247523409614,0.21837441434100632,0.33870083331803225,1.3523119885917438,1.1332551812896645,WC2018
2018-06-18,Belgium,Panama,3,0,0,0.6127205351845719,0.2286605921342758,0.15861887268115246,0.6162862314205038,0.22149301294605356,0.16222075563344263,0.6041089130913267,0.21837441434100632,0.17751667256766696,1.8530169632833313,0.827037527533631,WC2018
2018-06-18,Tunisia,England,1,2,2,0.15097831708392248,0.22390212610187152,0.6251195568142061,0.15450583456744948,0.21688427918958728,0.6286098862429631,0.16933338745106902,0.21837441434100632,0.6122921982079246,0.8106809036954976,1.8904041785192414,WC2018
2018-06-19,Colombia,Japan,1,2,2,0.6058091871997607,0.23123503027058004,0.16295578252965928,0.6094156894454514,0.22398643612472374,0.16659787442982493,0.5994540967770632,0.21837441434100632,0.18217148888193047,1.8326122947094625,0.8362459273114743,WC2018
2018-06-19,Poland,Senegal,1,2,2,0.3832692681308998,0.2799159731661679,0.3368147587029323,0.38765778124611716,0.27113464121643777,0.34120757753744513,0.4140542554089471,0.21837441434100632,0.36757133025004657,1.2874643301160882,1.1903355548914816,WC2018
2018-06-19,Russia,Egypt,3,1,0,0.5249237577165433,0.25700909641468034,0.21806714586877646,0.528940369102401,0.2489491795247604,0.22211045137283855,0.5399464959005554,0.21837441434100632,0.24167908975843821,1.6131867818233312,0.9499920189400346,WC2018
2018-06-20,Portugal,Morocco,1,0,0,0.6392086227595226,0.2182800755380526,0.14251130170242485,0.6426099960553218,0.21143911481849637,0.14595088912618193,0.6213317491879693,0.21837441434100632,0.16029383647102433,1.9341856209376231,0.7923306590650879,WC2018
2018-06-20,Uruguay,Saudi Arabia,1,0,0,0.7123058335026446,0.18557372777274037,0.10212043872461495,0.7151912883087082,0.17976135085036335,0.10504736084092874,0.6639345102372193,0.21837441434100632,0.11769107542177439,2.1886438493085802,0.7002119455277586,WC2018
2018-06-20,Iran,Spain,0,1,2,0.18780560282096592,0.24435679792326054,0.5678375992557734,0.1916523159031163,0.2366952067888426,0.5716524773080411,0.208948979967351,0.21837441434100632,0.5726766056916426,0.8881514825845771,1.725510341244952,WC2018
2018-06-21,Denmark,Australia,1,1,1,0.4855777195212055,0.26643657160031253,0.2479857088784817,0.4897454951871886,0.25807978975532486,0.25217471505748645,0.5076513976380468,0.21837441434100632,0.2739741880209469,1.516779746571135,1.0103738339440245,WC2018
2018-06-21,France,Peru,1,0,0,0.44984249356995526,0.273056703970275,0.27710080245976965,0.45411727260268575,0.2644914264503271,0.2813913009469873,0.47647727378965254,0.21837441434100632,0.3051483118693411,1.4336500635826384,1.0689599970874526,WC2018
2018-06-21,Argentina,Croatia,0,3,2,0.4801792595333544,0.2675588395519565,0.2522619009146892,0.4843651071306695,0.259166714637306,0.2564681782320246,0.5030526641333459,0.21837441434100632,0.27857292152564767,1.50397235919622,1.0189778810900205,WC2018
2018-06-22,Brazil,Costa Rica,2,0,0,0.7651789948523552,0.15836696732604583,0.0764540378215989,0.7676369997408663,0.15340957451071718,0.0789534257484166,0.6905054518443235,0.21837441434100632,0.09112013381467016,2.412065643254371,0.6353535908434264,WC2018
2018-06-22,Nigeria,Iceland,2,0,0,0.22555737486154842,0.25963888373578237,0.5148037414026692,0.22964141263406684,0.2514961620518613,0.5188624253140719,0.2497783497870232,0.21837441434100632,0.5318472358719704,0.965154360363637,1.5878440078893956,WC2018
2018-06-22,Serbia,Switzerland,1,2,2,0.24743759287360406,0.26628882816015215,0.48627357896624385,0.2516243238536915,0.2579366990750701,0.4904389770712384,0.27338432276114366,0.21837441434100632,0.50824126289785,1.0092707622162793,1.5184374948368087,WC2018
2018-06-23,Belgium,Tunisia,5,2,0,0.6652113792346029,0.20731585434353386,0.12747276642186314,0.6684395172652373,0.20081979607715353,0.13074068665760918,0.637301214471785,0.21837441434100632,0.14432437118720864,2.0190134413623824,0.7590412903628909,WC2018
2018-06-23,South Korea,Mexico,1,2,2,0.16268639253339906,0.2310777154213646,0.6062358920452364,0.1663260279286704,0.22383407194213809,0.6098399001291916,0.18188215883831227,0.21837441434100632,0.5997434268206814,0.8356754361473655,1.8338633654914265,WC2018
2018-06-23,Germany,Sweden,2,1,0,0.6210379274135747,0.22548826926994597,0.1534738033164794,0.6245533709781066,0.21842051369826124,0.15702611532363198,0.6096220201272208,0.21837441434100632,0.1720035655317729,1.8779827145044083,0.8160429571345376,WC2018
2018-06-24,England,Panama,6,1,0,0.6580606164583418,0.21040613893708748,0.1315332446045708,0.6613375498009445,0.2038128780335226,0.13484957216553295,0.6330010195488762,0.21837441434100632,0.14862456611011746,1.995129930581832,0.7681277015100476,WC2018
2018-06-24,Japan,Senegal,2,2,1,0.29802560313945253,0.2764244654255581,0.4255499314349895,0.3023671346157585,0.267753113026209,0.4298797523580328,0.32729848896759156,0.21837441434100632,0.45432709669140203,1.1112039096187016,1.3791479264301638,WC2018
2018-06-24,Poland,Colombia,0,3,2,0.2540700211602241,0.2680173330005989,0.4779126458391771,0.258283348292727,0.25961076874439387,0.48210588296287915,0.2805156434542723,0.21837441434100632,0.5011099422047213,1.022615285975474,1.4986227849409233,WC2018
2018-06-25,Russia,Uruguay,0,3,2,0.28916704911203744,0.275133087861518,0.4356998630264445,0.2934890923217239,0.2665024109607542,0.44000849671752174,0.31795215394583193,0.21837441434100632,0.4636734317131617,1.0932941497715716,1.4017403899142062,WC2018
2018-06-25,Saudi Arabia,Egypt,2,1,0,0.29718258776003464,0.2763098560918022,0.42650755614816327,0.3015223951013917,0.2676421136691287,0.43083549122947956,0.3264111616423189,0.21837441434100632,0.4552144240166747,1.1094975823195632,1.3812689565197454,WC2018
2018-06-25,Spain,Morocco,2,2,1,0.7309540850884905,0.17631091188991324,0.09273500302159615,0.7336938496820609,0.1707896923231486,0.09551645799479067,0.6736952321397188,0.21837441434100632,0.10793035351927484,2.262801381698206,0.6772642884995895,WC2018
2018-06-25,Iran,Portugal,1,1,1,0.20978139648491262,0.2538768953562438,0.5363417081588436,0.21377612020271247,0.24591559730326779,0.5403082824940199,0.2327150318095147,0.21837441434100632,0.548910553849479,0.933165120434609,1.6422758783332745,WC2018
2018-06-26,Australia,Peru,0,2,2,0.23888468936154184,0.2638665258374391,0.4972487848010192,0.24303407350736012,0.25559067840224764,0.5013752480903924,0.2641692773619784,0.21837441434100632,0.5174563082970152,0.9920485248906297,1.544797990562688,WC2018
2018-06-26,Denmark,France,0,0,1,0.20737049603102423,0.2529201244114131,0.5397093795575627,0.21135036687883457,0.24498894952631595,0.5436606835948494,0.2301064583599131,0.21837441434100632,0.5515191272990806,0.9282563801773163,1.6509604464005745,WC2018
2018-06-26,Nigeria,Argentina,1,2,2,0.17349283294057577,0.2371270974577516,0.5893800696016727,0.1772268779172556,0.22969306926984373,0.5930800528129005,0.19350656267134056,0.21837441434100632,0.5881190229876531,0.8584179796418793,1.785277806542529,WC2018
2018-06-26,Iceland,Croatia,1,2,2,0.15566921607133583,0.22685785645460424,0.61747292747406,0.1592429324712498,0.21974700486486554,0.6210100626638847,0.1743547584681027,0.21837441434100632,0.607270827190891,0.8207440864215435,1.8672258419472871,WC2018
2018-06-27,South Korea,Germany,2,0,0,0.0793039558499099,0.1616966971036856,0.7589993470464045,0.08185570951891744,0.1566347000332432,0.7615095904478394,0.09405242560670428,0.21837441434100632,0.6875731600522893,0.6429167263113853,2.383690616643682,WC2018
2018-06-27,Mexico,Sweden,0,3,2,0.5203022173802201,0.2582272792564798,0.22147050336330024,0.5243383102566093,0.2501290056583465,0.22553268408504407,0.536265714596784,0.21837441434100632,0.24535987106220972,1.6015635854680716,0.956886496232263,WC2018
2018-06-27,Serbia,Brazil,0,2,2,0.07384258540040722,0.15523935239166864,0.7709180622079239,0.07629277665171497,0.15038020531582735,0.7733270180324577,0.08843656831255985,0.21837441434100632,0.6931890173464338,0.628325667125089,2.4390449857058374,WC2018
2018-06-27,Switzerland,Costa Rica,2,2,1,0.5553714329780715,0.2482767081398773,0.19635185888205114,0.5592487096235401,0.24049171932577817,0.2002595710506816,0.563438833650674,0.21837441434100632,0.21818675200831955,1.692011964853005,0.9057350654874725,WC2018
2018-06-28,Japan,Poland,0,1,2,0.3922342744128449,0.27943956045060636,0.3283261651365488,0.39661447888891677,0.27067323551816835,0.33271228559291494,0.4227666803674495,0.21837441434100632,0.35885890529154413,1.3066069182616442,1.1728964131237227,WC2018
2018-06-28,Senegal,Colombia,0,1,2,0.25438160286073025,0.26809538813686395,0.4775230090024057,0.25859612979383595,0.25968636567643394,0.48171750452973006,0.28085030818984835,0.21837441434100632,0.5007752774691453,1.0232420685106332,1.4977048099892485,WC2018
2018-06-28,Panama,Tunisia,1,2,2,0.35320064353450475,0.2804065348163152,0.36639282164918,0.3575996480951593,0.2716097500196842,0.37079060188515656,0.3842084722499283,0.21837441434100632,0.39741711340906527,1.2242425461579025,1.2518063292288653,WC2018
2018-06-28,England,Belgium,0,1,2,0.3538517522177525,0.28041465750424077,0.3657335902780066,0.358250823920144,0.2716176168392004,0.3701315592406555,0.38486439725106886,0.21837441434100632,0.3967611884079248,1.2255971178434617,1.2504227902300455,WC2018
2018-06-30,France,Argentina,4,3,0,0.4479360940573577,0.2733550798365031,0.27870882610613923,0.45221572561922824,0.26478040459777585,0.28300386978299574,0.4747664398487879,0.21837441434100632,0.30685914581020574,1.4293182274532035,1.0721996951808261,WC2018
2018-06-30,Uruguay,Portugal,2,1,0,0.3358691857049841,0.27987055055924365,0.38426026373577216,0.340261378607857,0.27109064942891314,0.38864797196323,0.3666038778213758,0.21837441434100632,0.4150217078376179,1.1883889605576994,1.2895732110070506,WC2018
2018-07-01,Russia,Spain,1,1,1,0.1525507676848179,0.22490525057423236,0.6225439817409497,0.15609396667072045,0.217855840130403,0.6260501931988764,0.17101561439481006,0.21837441434100632,0.6106099712641835,0.8140619476715478,1.882552761709545,WC2018
2018-07-01,Croatia,Denmark,1,1,1,0.4557840755529814,0.2720903846314196,0.27212553981559906,0.4600431622738109,0.2635555421785667,0.2764012955476226,0.48177879139786955,0.21837441434100632,0.2998467942611241,1.44721414773976,1.058941118137343,WC2018
2018-07-02,Brazil,Mexico,2,0,0,0.6912042317117791,0.19561111065704553,0.11318465763117522,0.6942477585110214,0.18948315278339908,0.11626908870557968,0.6523585284030621,0.21837441434100632,0.12926705725593157,2.1097924942433477,0.7263816569512168,WC2018
2018-07-02,Belgium,Japan,3,2,0,0.6643404755364897,0.2076952460075542,0.1279642784559562,0.6675746028558595,0.20118725462736,0.13123814251678045,0.6367811645486823,0.21837441434100632,0.1448444211103114,2.0160808894759747,0.7601453769992627,WC2018
2018-07-03,Sweden,Switzerland,1,0,0,0.31429728788352723,0.2783054280118301,0.40739728410464265,0.3186668842035737,0.26957482775997577,0.41175828803645065,0.3443312217589356,0.21837441434100632,0.43729436390005805,1.1442367321738987,1.33933348292372,WC2018
2018-07-03,Colombia,England,1,1,1,0.3697512286437562,0.28035210237535707,0.34989666898088656,0.3741478425316106,0.27155703222469046,0.3542951252436989,0.40075175996052237,0.21837441434100632,0.3808738256984713,1.2588651776381603,1.2173778376068634,WC2018
2018-07-06,Uruguay,France,0,2,2,0.31837347322558895,0.2786804098279647,0.40294611694644633,0.32274858577288157,0.26993799789418704,0.4073134163329312,0.34856817714468136,0.21837441434100632,0.43305740851431235,1.1525449301714557,1.3296788070238117,WC2018
2018-07-06,Brazil,Belgium,1,2,2,0.5207882596159121,0.2581005221729359,0.2211112182111521,0.5248223247712434,0.2500062397954488,0.22517143543330795,0.5366542382157615,0.21837441434100632,0.24497134744323207,1.6027820013513898,0.9561590824576142,WC2018
2018-07-07,Sweden,England,0,2,2,0.3123976089903925,0.2781177208332208,0.4094846701763868,0.31676443075033317,0.2693930332039263,0.41384253604574045,0.342352362369177,0.21837441434100632,0.43927322328981666,1.1403696764119702,1.3438752358038737,WC2018
2018-07-07,Russia,Croatia,2,2,1,0.22826174704779834,0.26054274418027856,0.5111955087719231,0.23235977083603834,0.25237156142602796,0.5152686677379339,0.2527009954543302,0.21837441434100632,0.5289245902046635,0.9706193416714922,1.578903800899535,WC2018
2018-07-10,France,Belgium,1,0,0,0.36668108607041405,0.28040271799081873,0.3529161959387673,0.3710787796211419,0.2716060534259349,0.3573151669529232,0.3977037926747809,0.21837441434100632,0.38392179298421275,1.2524115250907584,1.2236509622351701,WC2018
2018-07-11,Croatia,England,2,1,0,0.3122498739176066,0.27810277567700187,0.40964735040539146,0.31661647443655105,0.26937855880701844,0.4140049667564306,0.3421983580360764,0.21837441434100632,0.43942722762291725,1.1400690684554455,1.3442295823953536,WC2018
2018-07-14,Belgium,England,2,0,0,0.45385394817067937,0.2724103091155787,0.2737357427137421,0.4581182265466424,0.26386539042439283,0.2780163830289646,0.48006168020872725,0.21837441434100632,0.3015639054502664,1.4427972236522881,1.062182919864737,WC2018
2018-07-15,France,Croatia,4,2,0,0.503324313658497,0.2624520286942652,0.2342236576472379,0.5074280769334185,0.2542207240850988,0.23835119898148283,0.522485580311433,0.21837441434100632,0.25914000534756065,1.5595690972234375,0.9826525612235583,WC2018
2022-11-20,Qatar,Ecuador,0,2,2,0.333541529738058,0.28309113134808095,0.3833673389138613,0.33562901954704316,0.278918864769488,0.3854521156834687,0.3665871149515738,0.2172636523781562,0.41614923267027004,1.1291426535112603,1.2311701275140108,WC2022
2022-11-21,Senegal,Netherlands,0,2,2,0.13157009678443002,0.2132806282439207,0.6551492749716492,0.13315090038647298,0.2101430399403747,0.6567060596731523,0.15136840613441363,0.2172636523781562,0.6313679414874303,0.7243885393526267,1.9190898657056812,WC2022
2022-11-21,England,Iran,6,2,0,0.47887652541247394,0.27054558090890296,0.2505778936786232,0.4808635720604041,0.26655938757766323,0.25257704036193274,0.5031680898216228,0.2172636523781562,0.2795682578002211,1.4407509825007792,0.9648903395449984,WC2022
2022-11-21,United States,Wales,1,1,1,0.4204563234547066,0.28002960520366765,0.29951407134162555,0.4225164788130261,0.2759027515065026,0.3015807696804712,0.45129024643293325,0.2172636523781562,0.3314461011889106,1.3099494948153398,1.061236872266541,WC2022
2022-11-22,Argentina,Saudi Arabia,1,2,2,0.8510414747037747,0.10848845592997569,0.04047006936624975,0.8518238930511696,0.10689956087236815,0.041276546076462146,0.7268252164000577,0.2172636523781562,0.05591113122178613,2.82805272454432,0.4915632203883194,WC2022
2022-11-22,Mexico,Poland,0,0,1,0.4158979053117203,0.2805362893129341,0.3035658053753456,0.4179620481285321,0.27640191997697383,0.30563603189449406,0.44705932136510335,0.2172636523781562,0.3356770262567405,1.3001104005511608,1.0692681976204699,WC2022
2022-11-22,Denmark,Tunisia,0,0,1,0.585281939335488,0.2406281626877353,0.17408989797677665,0.587043129664623,0.2370854732621169,0.17587139707326008,0.5857176402291759,0.2172636523781562,0.19701870739266794,1.7097476210627067,0.8130829881435355,WC2022
2022-11-22,France,Australia,4,1,0,0.6291902218348469,0.22410131479353443,0.14670846337161877,0.630827732345269,0.22080347618822588,0.14836879146650506,0.6151835522697677,0.2172636523781562,0.1675527953520761,1.8373873973686967,0.7565996733709016,WC2022
2022-11-23,Germany,Japan,1,2,2,0.5050604234062002,0.2646118961683488,0.23032768042545115,0.5070023412481661,0.2607136912662606,0.23228396748557334,0.5249425051618553,0.2172636523781562,0.25779384245998854,1.5027137558434602,0.9251041319740088,WC2022
2022-11-23,Spain,Costa Rica,7,0,0,0.6282899161806991,0.22446286042748217,0.1472472233918189,0.6299301270860109,0.2211596666018536,0.14891020631213542,0.6146059436341998,0.2172636523781562,0.16813040398764395,1.8346439416437643,0.7577310633143538,WC2022
2022-11-23,Morocco,Croatia,0,0,1,0.24456114158288275,0.2689152269730254,0.4865236314440919,0.24654853867695042,0.26495321078976636,0.48849825053328316,0.2731119922845823,0.2172636523781562,0.5096243553372616,0.9530774624799819,1.4586083077524934,WC2022
2022-11-23,Belgium,Canada,1,0,0,0.5704620011904386,0.2456823642723276,0.18385563453723394,0.5722611283098846,0.242064773436237,0.18567409825387854,0.5751687442839466,0.2172636523781562,0.20756760333789728,1.6692188648404023,0.8328247026119513,WC2022
2022-11-24,Switzerland,Cameroon,1,0,0,0.6472914699797246,0.21663621476019873,0.13607231526007635,0.6488732695848601,0.2134489369087734,0.1376777935063665,0.6265643005732959,0.2172636523781562,0.15617204704854792,1.8938081420749453,0.7340588910880036,WC2022
2022-11-24,Brazil,Serbia,2,0,0,0.7076073149973668,0.1891462930204374,0.10324639198219562,0.7089846298520247,0.18636593387944758,0.10464943626852773,0.6613721388686684,0.2172636523781562,0.12136420875317541,2.10232040240062,0.6612534907227027,WC2022
2022-11-24,Uruguay,South Korea,0,0,1,0.4997082322632266,0.26590476598847734,0.2343870017482961,0.501659961164284,0.2619873906502846,0.23635264818543145,0.5205681889046122,0.2172636523781562,0.26216815871723165,1.4898556393450209,0.9330881918976527,WC2022
2022-11-24,Portugal,Ghana,3,2,0,0.7826831059266339,0.14955937794647567,0.06775751612689046,0.7837675297790274,0.14736431805346462,0.06886815216750802,0.6984328283267728,0.2172636523781562,0.08430351929507103,2.425223433220186,0.5732118062454634,WC2022
2022-11-25,Qatar,Senegal,1,3,2,0.4104413630005155,0.2810958740154117,0.308462762984073,0.41250993311604345,0.2769532042671306,0.3105368626168259,0.44196155631580103,0.2172636523781562,0.3407747913060428,1.2883937994976555,1.0789920793215495,WC2022
2022-11-25,Netherlands,Ecuador,1,1,1,0.5146975853220964,0.2621827858674699,0.22311962881043365,0.5166210962812696,0.2583205977594723,0.22505830595925794,0.5327188956009592,0.2172636523781562,0.2500174520208847,1.5261312782868819,0.9109089922234355,WC2022
2022-11-25,Wales,Iran,0,2,2,0.3474750549043658,0.2836005115711074,0.36892443352452675,0.3495655508559785,0.2794206888432231,0.37101376030079847,0.3806934459683822,0.2172636523781562,0.40204290165346157,1.157312292983423,1.2012027463402044,WC2022
2022-11-25,England,United States,0,0,1,0.5343926733350085,0.25682280017912795,0.20878452648586354,0.5362756707777729,0.25304007789813415,0.21068425132409288,0.5482089337501216,0.2172636523781562,0.2345274138717222,1.5751149514083174,0.8825811115957045,WC2022
2022-11-26,Poland,Saudi Arabia,2,0,0,0.4284324510629517,0.27905846334479933,0.2925090855922488,0.43048500641952925,0.27494601434173604,0.2945689792387347,0.4586316651861776,0.2172636523781562,0.32410468243566626,1.3272813056528368,1.0473791040258789,WC2022
2022-11-26,Argentina,Mexico,2,0,0,0.6370364840167824,0.22091113442152652,0.14205238156169106,0.6386501760999472,0.21766054642782726,0.14368927747222549,0.6201709585714018,0.2172636523781562,0.1625653890504421,1.8615435823357867,0.7467817127121161,WC2022
2022-11-26,Tunisia,Australia,0,1,2,0.383468798402851,0.2830861529839276,0.33344504861322155,0.38555353287335836,0.27891396025399473,0.33553250687264685,0.41624752441345064,0.2172636523781562,0.3664888232083932,1.2313819349175612,1.1289484320703762,WC2022
2022-11-26,France,Denmark,2,1,0,0.46333379214669046,0.2735906628634145,0.26307554498989516,0.4653441258960531,0.26955931037068204,0.26509656373326473,0.4898024903292039,0.2172636523781562,0.29293385729263993,1.4050212345370454,0.9894275406898222,WC2022
2022-11-27,Japan,Costa Rica,0,1,2,0.47172283473332255,0.2719923083499961,0.25628485691668135,0.47372093141501675,0.26798466016648365,0.2582944084184996,0.49705672421033925,0.2172636523781562,0.2856796234115046,1.4242143516256927,0.9760937341476292,WC2022
2022-11-27,Spain,Germany,1,1,1,0.5299948199496173,0.25806503399758185,0.21194014605280093,0.531887195734813,0.254263895592168,0.21384890867301898,0.5447970524299454,0.2172636523781562,0.23793929519189852,1.564040177795265,0.8888305584736337,WC2022
2022-11-27,Belgium,Morocco,0,2,2,0.6314142175742301,0.22320421484655248,0.14538156757921744,0.6330450285380962,0.21991966386354328,0.1470353075983607,0.6166056832576049,0.2172636523781562,0.16613066436423896,1.8441891681118037,0.7538091692232997,WC2022
2022-11-27,Croatia,Canada,4,1,0,0.4415830600995936,0.2772271980335297,0.28118974186687673,0.44362139092376973,0.27314191084828326,0.28323669822794684,0.470561227180524,0.2172636523781562,0.31217512044131984,1.3561953892177336,1.0250489831755203,WC2022
2022-11-28,Cameroon,Serbia,3,3,1,0.1519146264011973,0.22753068720469308,0.6205546863941098,0.15360012978788354,0.2241820504718984,0.622217819740218,0.1731385632012315,0.2172636523781562,0.6095977844206124,0.7674944093267814,1.811305317421623,WC2022
2022-11-28,Brazil,Switzerland,1,0,0,0.6868235974206003,0.19906395465197382,0.11411244792742595,0.6882745729218351,0.1961368305867789,0.11558859649138592,0.6499075510661044,0.2172636523781562,0.13282879655573943,2.026455886017776,0.6860088661672314,WC2022
2022-11-28,South Korea,Ghana,2,3,2,0.6284131746717851,0.2244134171683498,0.1471734081598648,0.6300530162713159,0.22111095570039574,0.14883602802828835,0.6146850875893412,0.2172636523781562,0.16805126003250268,1.8350192024789074,0.757576107556262,WC2022
2022-11-28,Portugal,Uruguay,2,0,0,0.4228150364082255,0.2797535606243671,0.29743140296740733,0.42487302634975854,0.275630801456684,0.29949617219355745,0.4534694787550704,0.2172636523781562,0.3292668688667735,1.3150593306164318,1.0571132969744632,WC2022
2022-11-29,Ecuador,Senegal,1,2,2,0.4903689376441802,0.2680631036230948,0.24156795873272485,0.49233707056819254,0.26411372353708223,0.24354920589472523,0.5128407511819105,0.2172636523781562,0.2698955964399333,1.4676604163079512,0.9471991540128011,WC2022
2022-11-29,Qatar,Netherlands,0,2,2,0.11297616454428629,0.1980675187220044,0.6889563167337092,0.11444497156955424,0.1951551424096287,0.6903998860208169,0.13162715920706294,0.2172636523781562,0.6511091884147809,0.6834549433728228,2.034028311865812,WC2022
2022-11-29,Wales,England,0,3,2,0.14831169604149347,0.22517263799803844,0.6265156659604679,0.14997989038509385,0.2218589307747136,0.6281611788401926,0.16927193421443584,0.2172636523781562,0.6134644134074081,0.7599637076880981,1.8292540691634116,WC2022
2022-11-29,Iran,United States,0,1,2,0.35452550880104994,0.2837031431755064,0.3617713480234438,0.3566163789117247,0.27952179799939886,0.3638618230888762,0.3877616687019708,0.2172636523781562,0.394974678919873,1.1716643217522789,1.1864888935304503,WC2022
2022-11-30,Poland,Argentina,0,2,2,0.1269043378111035,0.20967362977787996,0.6634220324110165,0.12845860575845142,0.20658944836461343,0.6649519458769353,0.1463996014779691,0.2172636523781562,0.6363367461438748,0.7142760220870464,1.9462597955381904,WC2022
2022-11-30,Saudi Arabia,Mexico,1,2,2,0.23348784844524018,0.2656229809940775,0.5008891705606822,0.23545145583458113,0.26170978396241573,0.5028387602030031,0.26119958374968477,0.2172636523781562,0.5215367638721591,0.9313202249275432,1.492683899153078,WC2022
2022-11-30,Australia,Denmark,1,0,0,0.2269294399652981,0.26348820968115605,0.5095823503535457,0.22887758465451166,0.25960666611394895,0.5115157492315393,0.2541289775856069,0.2172636523781562,0.5286073700362369,0.9184150315648125,1.5136584843742975,WC2022
2022-11-30,Tunisia,France,1,0,0,0.09850047384780775,0.18452821080712295,0.7169713153450694,0.09986945411172994,0.18181617493849336,0.7183143709497766,0.11637547028974068,0.2172636523781562,0.6663608773321031,0.6501850019115338,2.1381094621037064,WC2022
2022-12-01,Japan,Spain,2,1,0,0.15581602779883721,0.23000846836184288,0.6141755038393198,0.1575197112680229,0.22662312606038393,0.6158571626715932,0.1773302711382477,0.2172636523781562,0.6054060764835961,0.7756056731610176,1.792362733809407,WC2022
2022-12-01,Costa Rica,Germany,2,4,2,0.24023188466515155,0.2676737941554349,0.4920943211794134,0.24221032026107797,0.2637301870366911,0.49405949270223126,0.26845897757866005,0.2172636523781562,0.5142773700431837,0.9445746907466135,1.4717382524892204,WC2022
2022-12-01,Croatia,Belgium,0,0,1,0.3304795273248168,0.2829232192665447,0.38659725340863865,0.33256594249997273,0.27875344347795633,0.388680614022071,0.3634636609219438,0.2172636523781562,0.41927268669990003,1.1229839643384993,1.237922133219287,WC2022
2022-12-01,Canada,Morocco,1,2,2,0.25861646458906884,0.27255601703328286,0.4688275183776483,0.26063006401618366,0.26854000889931934,0.47082992708449695,0.2881726494816841,0.2172636523781562,0.4945636981401598,0.9806713488657809,1.417566350146558,WC2022
2022-12-02,Serbia,Switzerland,2,3,2,0.29998059533707955,0.28008998160742676,0.4199294230554937,0.3020477149984334,0.2759622323523599,0.42199005264920675,0.3319338452373834,0.2172636523781562,0.45080250238446046,1.0621609912271934,1.3088097907820961,WC2022
2022-12-02,Cameroon,Brazil,1,0,0,0.02059784426225627,0.06844723269038114,0.9109549230473628,0.021107172401648513,0.0674478284765157,0.9114449991218357,0.034485396257670844,0.2172636523781562,0.748250951364173,0.412755567603847,3.3680144226163797,WC2022
2022-12-02,Ghana,Uruguay,0,2,2,0.1372119551864009,0.21746668605387853,0.6453213587597206,0.13882353835542638,0.21426710981680294,0.6469093518277707,0.15738933600749563,0.2172636523781562,0.6253470116143482,0.736493883203413,1.8875468437814782,WC2022
2022-12-02,South Korea,Portugal,2,1,0,0.13702841489132528,0.21733344660754025,0.6456381385011345,0.13863901864549308,0.21413584352340764,0.6472251378310994,0.15719325417487726,0.2172636523781562,0.6255430934469666,0.7361020644901968,1.8885515633864667,WC2022
2022-12-03,Netherlands,United States,3,1,0,0.5347087978670076,0.2567325138758457,0.20855868825714663,0.5365911139240975,0.25295113006789816,0.21045775600800432,0.5484531420354796,0.2172636523781562,0.23428320558636426,1.5759141608130234,0.8821335192443297,WC2022
2022-12-03,Argentina,Australia,2,1,0,0.7081835043777049,0.18886480145075166,0.10295169417154343,0.7095587302672501,0.1860886072099511,0.10435266252279882,0.6616822432725238,0.2172636523781562,0.1210541043493201,2.1044922841335154,0.6605710627622193,WC2022
2022-12-04,France,Poland,3,1,0,0.5541917849701432,0.25091482369257206,0.19489339133728473,0.5560302565453861,0.24721967942087814,0.19675006403373577,0.5632335305492941,0.2172636523781562,0.21950281707254965,1.626017128337241,0.8549520669112175,WC2022
2022-12-04,England,Senegal,3,0,0,0.5567047915926446,0.2501286051244552,0.19316660328290008,0.5585373463672509,0.24644511453292067,0.1950175390998282,0.5651012117324136,0.2172636523781562,0.21763513588943026,1.6326058297473303,0.8515017399638439,WC2022
2022-12-05,Japan,Croatia,1,1,1,0.29672421678259153,0.27965739841464005,0.42361838480276826,0.2987883129667607,0.27553606560116434,0.42567562143207505,0.32852621899783735,0.2172636523781562,0.4542101286240065,1.055713796247319,1.3168026312117045,WC2022
2022-12-05,Brazil,South Korea,4,1,0,0.7142529680268059,0.1858783408575933,0.09986869111560052,0.7156060369844227,0.18314633130392577,0.1012476317116516,0.6649238114786968,0.2172636523781562,0.11781253614314703,2.1276102862905706,0.6533934873612047,WC2022
2022-12-06,Morocco,Spain,0,0,1,0.2473182619196221,0.26967588846562457,0.48300584961475346,0.24931114385278835,0.26570259225453835,0.4849862638926731,0.27607209800060817,0.2172636523781562,0.5066642496212357,0.9584910118168624,1.4503701000490803,WC2022
2022-12-06,Portugal,Switzerland,6,1,0,0.4242238937615821,0.2795841998930145,0.2961919063454035,0.42628055730734626,0.27546395281602193,0.298255489876632,0.4547678511190266,0.2172636523781562,0.32796849650281723,1.3181176110898318,1.0546605955409123,WC2022
2022-12-09,Croatia,Brazil,1,1,1,0.15192120414921012,0.22753493032256958,0.6205438655282202,0.15360673867567698,0.22418623073487637,0.6222070305894466,0.17314562633168432,0.2172636523781562,0.6095907212901596,0.7675081219588127,1.8112729558574863,WC2022
2022-12-09,Netherlands,Argentina,2,2,1,0.27678497209692654,0.2764245330156605,0.4467904948874131,0.2788262265421486,0.27235115081581934,0.448822622642032,0.3075123104703288,0.2172636523781562,0.47522403715151507,1.0163766132409529,1.3677673084902036,WC2022
2022-12-10,Morocco,Portugal,1,0,0,0.22977908324005225,0.264433063679491,0.5057878530804568,0.2317340749227338,0.26053751042603884,0.5077284146512275,0.2572023745057876,0.2172636523781562,0.5255339731160562,0.9240246233509146,1.5044693286025417,WC2022
2022-12-10,England,France,1,2,2,0.3633475687478638,0.28368921016533205,0.3529632210868042,0.365437854923365,0.2795080716731955,0.3550540734034394,0.3965367331566866,0.2172636523781562,0.38619961446515727,1.1897242595334898,1.168478068397188,WC2022
2022-12-13,Argentina,Croatia,3,0,0,0.5577885505241791,0.24978704738857255,0.19242440208724837,0.5596185354316761,0.24610861944481688,0.19427284512350712,0.5659039340598944,0.2172636523781562,0.21683241356194946,1.6354565331988795,0.8500175189528659,WC2022
2022-12-14,France,Morocco,2,0,0,0.47420908699954284,0.27149817230270656,0.25429274069775065,0.476203406925625,0.2674978521986776,0.25629874087569726,0.49918853988931067,0.2172636523781562,0.2835478077325332,1.4299435588409117,0.9721829201649139,WC2022
2022-12-17,Croatia,Morocco,2,1,0,0.3667395923365742,0.28364254512995746,0.3496178625334683,0.3688293487837825,0.27946209887217555,0.35170855234404197,0.3998896055957964,0.2172636523781562,0.38284674202604746,1.1966999304651664,1.161666905223767,WC2022
2022-12-18,Argentina,France,3,3,1,0.43874762249871035,0.27764590835732594,0.2836064691439637,0.4407891959607259,0.2735544108481424,0.28565639319113184,0.4680076662712441,0.2172636523781562,0.3147286813505997,1.3499242669209692,1.0298108855215904,WC2022
