date,home,away,home_score,away_score,p_home,p_draw,p_away,pred_outcome,actual_outcome,outcome_hit,top_score_home,top_score_away,top_score,top_score_prob,actual_score,score_hit,prob_actual,logloss
2026-06-11,Mexico,South Africa,2,0,0.7145,0.2195,0.066,H,H,1,2,0,2-0,0.1459,2-0,1,0.7145,0.3362
2026-06-11,South Korea,Czech Republic,2,1,0.4813,0.2195,0.2992,H,H,1,1,1,1-1,0.1274,2-1,0,0.4813,0.7312
2026-06-12,Canada,Bosnia and Herzegovina,1,1,0.6865,0.2195,0.094,H,D,0,2,0,2-0,0.1432,1-1,0,0.2195,1.5164
2026-06-12,United States,Paraguay,4,1,0.3984,0.2195,0.3821,H,H,1,1,1,1-1,0.1311,4-1,0,0.3984,0.9203
2026-06-13,Qatar,Switzerland,1,1,0.073,0.2195,0.7075,A,D,0,0,2,0-2,0.1458,1-1,0,0.2195,1.5164
2026-06-13,Brazil,Morocco,1,1,0.4825,0.2195,0.298,H,D,0,1,1,1-1,0.1273,1-1,1,0.2195,1.5164
2026-06-13,Haiti,Scotland,0,1,0.244,0.2195,0.5365,A,A,1,0,1,0-1,0.1319,0-1,1,0.5365,0.6226
2026-06-13,Australia,Turkey,2,0,0.3206,0.2195,0.4599,A,H,0,1,1,1-1,0.129,2-0,0,0.3206,1.1375
2026-06-14,Germany,Curaçao,7,1,0.7121,0.2195,0.0684,H,H,1,2,0,2-0,0.1459,7-1,0,0.7121,0.3396
2026-06-14,Ivory Coast,Ecuador,1,0,0.1777,0.2195,0.6028,A,H,0,0,1,0-1,0.1358,1-0,0,0.1777,1.7277
2026-06-14,Netherlands,Japan,2,2,0.4129,0.2195,0.3676,H,D,0,1,1,1-1,0.1309,2-2,0,0.2195,1.5164
2026-06-14,Sweden,Tunisia,5,1,0.4212,0.2195,0.3593,H,H,1,1,1,1-1,0.1307,5-1,0,0.4212,0.8647
2026-06-15,Belgium,Egypt,1,1,0.56,0.2195,0.2205,H,D,0,1,0,1-0,0.1339,1-1,0,0.2195,1.5164
2026-06-15,Iran,New Zealand,2,2,0.5757,0.2195,0.2048,H,D,0,1,0,1-0,0.1349,2-2,0,0.2195,1.5164
2026-06-15,Spain,Cape Verde,0,0,0.7503,0.2195,0.0302,H,D,0,3,0,3-0,0.1444,0-0,0,0.2195,1.5164
2026-06-15,Saudi Arabia,Uruguay,1,1,0.1271,0.2195,0.6534,A,D,0,0,2,0-2,0.1351,1-1,0,0.2195,1.5164
2026-06-16,France,Senegal,3,1,0.5997,0.2195,0.1808,H,H,1,1,0,1-0,0.1357,3-1,0,0.5997,0.5113
2026-06-16,Iraq,Norway,1,4,0.1722,0.2195,0.6083,A,A,1,0,1,0-1,0.1358,1-4,0,0.6083,0.4971
2026-06-16,Argentina,Algeria,3,0,0.6658,0.2195,0.1147,H,H,1,2,0,2-0,0.1384,3-0,0,0.6658,0.4068
2026-06-16,Austria,Jordan,3,1,0.5208,0.2195,0.2597,H,H,1,1,0,1-0,0.1303,3-1,0,0.5208,0.6523
2026-06-17,Portugal,DR Congo,1,1,0.6439,0.2195,0.1366,H,D,0,1,0,1-0,0.134,1-1,0,0.2195,1.5164
2026-06-17,Uzbekistan,Colombia,1,3,0.1565,0.2195,0.624,A,A,1,0,1,0-1,0.1354,1-3,0,0.624,0.4716
2026-06-17,England,Croatia,4,2,0.5225,0.2195,0.258,H,H,1,1,0,1-0,0.1305,4-2,0,0.5225,0.6491
2026-06-17,Ghana,Panama,1,0,0.1691,0.2195,0.6114,A,H,0,0,1,0-1,0.1357,1-0,0,0.1691,1.7774
2026-06-18,Czech Republic,South Africa,1,1,0.519,0.2195,0.2615,H,D,0,1,0,1-0,0.1301,1-1,0,0.2195,1.5164
2026-06-18,Mexico,South Korea,1,0,0.5772,0.2195,0.2033,H,H,1,1,0,1-0,0.135,1-0,1,0.5772,0.5496
2026-06-18,Switzerland,Bosnia and Herzegovina,4,1,0.6406,0.2195,0.1399,H,H,1,1,0,1-0,0.1343,4-1,0,0.6406,0.4454
2026-06-18,Canada,Qatar,6,0,0.7023,0.2195,0.0782,H,H,1,2,0,2-0,0.1455,6-0,0,0.7023,0.3534
2026-06-19,Scotland,Morocco,0,1,0.2421,0.2195,0.5384,A,A,1,0,1,0-1,0.1321,0-1,1,0.5384,0.6192
2026-06-19,Brazil,Haiti,3,0,0.7029,0.2195,0.0776,H,H,1,2,0,2-0,0.1455,3-0,0,0.7029,0.3526
2026-06-19,United States,Australia,2,0,0.4162,0.2195,0.3643,H,H,1,1,1,1-1,0.1308,2-0,0,0.4162,0.8767
2026-06-19,Turkey,Paraguay,0,1,0.4389,0.2195,0.3416,H,A,0,1,1,1-1,0.1301,0-1,0,0.3416,1.0742
2026-06-20,Germany,Ivory Coast,2,1,0.5562,0.2195,0.2243,H,H,1,1,0,1-0,0.1337,2-1,0,0.5562,0.5866
2026-06-20,Ecuador,Curaçao,0,0,0.7062,0.2195,0.0743,H,D,0,2,0,2-0,0.1458,0-0,0,0.2195,1.5164
2026-06-20,Netherlands,Sweden,5,1,0.5877,0.2195,0.1928,H,H,1,1,0,1-0,0.1354,5-1,0,0.5877,0.5316
2026-06-20,Tunisia,Japan,0,4,0.1133,0.2195,0.6672,A,A,1,0,2,0-2,0.1388,0-4,0,0.6672,0.4046
2026-06-21,Belgium,Iran,0,0,0.4616,0.2195,0.3189,H,D,0,1,1,1-1,0.1288,0-0,0,0.2195,1.5164
2026-06-21,New Zealand,Egypt,1,3,0.3025,0.2195,0.478,A,A,1,1,1,1-1,0.1277,1-3,0,0.478,0.7382
2026-06-21,Spain,Saudi Arabia,4,0,0.7323,0.2195,0.0482,H,H,1,2,0,2-0,0.1421,4-0,0,0.7323,0.3116
2026-06-21,Uruguay,Cape Verde,2,2,0.6467,0.2195,0.1338,H,D,0,1,0,1-0,0.1337,2-2,0,0.2195,1.5164
2026-06-22,France,Iraq,3,0,0.7194,0.2195,0.0611,H,H,1,2,0,2-0,0.1455,3-0,0,0.7194,0.3294
2026-06-22,Norway,Senegal,3,2,0.4863,0.2195,0.2942,H,H,1,1,1,1-1,0.1269,3-2,0,0.4863,0.721
2026-06-22,Argentina,Austria,2,0,0.6508,0.2195,0.1297,H,H,1,2,0,2-0,0.1344,2-0,1,0.6508,0.4296
2026-06-22,Jordan,Algeria,1,2,0.256,0.2195,0.5245,A,A,1,0,1,0-1,0.1307,1-2,0,0.5245,0.6453
2026-06-23,Portugal,Uzbekistan,5,0,0.599,0.2195,0.1815,H,H,1,1,0,1-0,0.1357,5-0,0,0.599,0.5125
2026-06-23,Colombia,DR Congo,1,0,0.6623,0.2195,0.1182,H,H,1,2,0,2-0,0.1375,1-0,0,0.6623,0.4121
2026-06-23,England,Ghana,0,0,0.7247,0.2195,0.0558,H,D,0,2,0,2-0,0.1446,0-0,0,0.2195,1.5164
2026-06-23,Panama,Croatia,0,1,0.2467,0.2195,0.5338,A,A,1,0,1,0-1,0.1317,0-1,1,0.5338,0.6278
2026-06-24,Mexico,Czech Republic,3,0,0.6816,0.2195,0.0989,H,H,1,2,0,2-0,0.1422,3-0,0,0.6816,0.3833
2026-06-24,South Africa,South Korea,1,0,0.1699,0.2195,0.6106,A,H,0,0,1,0-1,0.1358,1-0,0,0.1699,1.7723
2026-06-24,Canada,Switzerland,1,2,0.4232,0.2195,0.3573,H,A,0,1,1,1-1,0.1306,1-2,0,0.3573,1.0293
2026-06-24,Bosnia and Herzegovina,Qatar,3,1,0.4737,0.2195,0.3068,H,H,1,1,1,1-1,0.128,3-1,0,0.4737,0.7472
2026-06-24,Scotland,Brazil,0,3,0.1586,0.2195,0.6219,A,A,1,0,1,0-1,0.1355,0-3,0,0.6219,0.4749
2026-06-24,Morocco,Haiti,4,2,0.685,0.2195,0.0955,H,H,1,2,0,2-0,0.1429,4-2,0,0.685,0.3783
2026-06-25,United States,Turkey,2,3,0.5417,0.2195,0.2388,H,A,0,1,0,1-0,0.1324,2-3,0,0.2388,1.4319
2026-06-25,Paraguay,Australia,0,0,0.3777,0.2195,0.4028,A,D,0,1,1,1-1,0.1311,0-0,0,0.2195,1.5164
2026-06-25,Curaçao,Ivory Coast,0,2,0.164,0.2195,0.6165,A,A,1,0,1,0-1,0.1357,0-2,0,0.6165,0.4837
2026-06-25,Ecuador,Germany,2,1,0.3022,0.2195,0.4783,A,H,0,1,1,1-1,0.1276,2-1,0,0.3022,1.1967
2026-06-25,Japan,Sweden,1,1,0.6097,0.2195,0.1708,H,D,0,1,0,1-0,0.1358,1-1,0,0.2195,1.5164
2026-06-25,Tunisia,Netherlands,1,3,0.0834,0.2195,0.6971,A,A,1,0,2,0-2,0.1449,1-3,0,0.6971,0.3608
2026-06-26,Egypt,Iran,1,1,0.3431,0.2195,0.4374,A,D,0,1,1,1-1,0.1301,1-1,1,0.2195,1.5164
2026-06-26,New Zealand,Belgium,1,5,0.1534,0.2195,0.6271,A,A,1,0,1,0-1,0.1353,1-5,0,0.6271,0.4666
2026-06-26,Cape Verde,Saudi Arabia,0,0,0.3867,0.2195,0.3938,A,D,0,1,1,1-1,0.1311,0-0,0,0.2195,1.5164
2026-06-26,Uruguay,Spain,0,1,0.1459,0.2195,0.6346,A,A,1,0,1,0-1,0.1348,0-1,1,0.6346,0.4548
2026-06-26,Norway,France,1,4,0.2331,0.2195,0.5475,A,A,1,0,1,0-1,0.1329,1-4,0,0.5475,0.6025
2026-06-26,Senegal,Iraq,5,0,0.5618,0.2195,0.2187,H,H,1,1,0,1-0,0.1341,5-0,0,0.5618,0.5766
2026-06-27,Algeria,Austria,3,3,0.3661,0.2195,0.4144,A,D,0,1,1,1-1,0.1309,3-3,0,0.2195,1.5164
2026-06-27,Jordan,Argentina,1,3,0.0426,0.2195,0.7379,A,A,1,0,3,0-3,0.1406,1-3,0,0.7379,0.3039
2026-06-27,Colombia,Portugal,0,0,0.4462,0.2195,0.3343,H,D,0,1,1,1-1,0.1297,0-0,0,0.2195,1.5164
2026-06-27,DR Congo,Uzbekistan,3,1,0.3856,0.2195,0.3949,A,H,0,1,1,1-1,0.1311,3-1,0,0.3856,0.9529
2026-06-27,Panama,England,0,2,0.1125,0.2195,0.668,A,A,1,0,2,0-2,0.139,0-2,1,0.668,0.4035
2026-06-27,Croatia,Ghana,2,1,0.6354,0.2195,0.1451,H,H,1,1,0,1-0,0.1348,2-1,0,0.6354,0.4534
2026-06-28,South Africa,Canada,0,1,0.2403,0.2195,0.5402,A,A,1,0,1,0-1,0.1323,0-1,1,0.5402,0.6157
2026-06-29,Brazil,Japan,2,1,0.4987,0.2195,0.2818,H,H,1,1,0,1-0,0.1276,2-1,0,0.4987,0.6958
2026-06-29,Germany,Paraguay,1,1,0.4972,0.2195,0.2833,H,D,0,1,0,1-0,0.1274,1-1,0,0.2195,1.5164
2026-06-29,Netherlands,Morocco,1,1,0.4208,0.2195,0.3597,H,D,0,1,1,1-1,0.1307,1-1,1,0.2195,1.5164
2026-06-30,Ivory Coast,Norway,1,2,0.2719,0.2195,0.5086,A,A,1,0,1,0-1,0.1289,1-2,0,0.5086,0.6761
2026-06-30,France,Sweden,3,0,0.7001,0.2195,0.0804,H,H,1,2,0,2-0,0.1453,3-0,0,0.7001,0.3565
2026-06-30,Mexico,Ecuador,2,0,0.5196,0.2195,0.2609,H,H,1,1,0,1-0,0.1301,2-0,0,0.5196,0.6548
2026-07-01,England,DR Congo,2,1,0.6542,0.2195,0.1263,H,H,1,2,0,2-0,0.1354,2-1,0,0.6542,0.4243
2026-07-01,Belgium,Senegal,3,2,0.4696,0.2195,0.3109,H,H,1,1,1,1-1,0.1283,3-2,0,0.4696,0.7559
2026-07-01,United States,Bosnia and Herzegovina,2,0,0.6558,0.2195,0.1247,H,H,1,2,0,2-0,0.1358,2-0,1,0.6558,0.4219
2026-07-02,Spain,Austria,3,0,0.659,0.2195,0.1215,H,H,1,2,0,2-0,0.1367,3-0,0,0.659,0.4171
2026-07-02,Portugal,Croatia,2,1,0.4781,0.2195,0.3024,H,H,1,1,1,1-1,0.1276,2-1,0,0.4781,0.7379
2026-07-02,Switzerland,Algeria,2,0,0.4973,0.2195,0.2832,H,H,1,1,0,1-0,0.1274,2-0,0,0.4973,0.6985
2026-07-03,Australia,Egypt,1,1,0.4451,0.2195,0.3354,H,D,0,1,1,1-1,0.1298,1-1,1,0.2195,1.5164
2026-07-03,Argentina,Cape Verde,3,2,0.744,0.2195,0.0365,H,H,1,3,0,3-0,0.1432,3-2,0,0.744,0.2957
2026-07-03,Colombia,Ghana,1,0,0.7096,0.2195,0.0709,H,H,1,2,0,2-0,0.1459,1-0,0,0.7096,0.3431
2026-07-04,Canada,Morocco,0,3,0.2289,0.2195,0.5516,A,A,1,0,1,0-1,0.1333,0-3,0,0.5516,0.5949
2026-07-04,Paraguay,France,0,1,0.1276,0.2195,0.6529,A,A,1,0,2,0-2,0.135,0-1,0,0.6529,0.4263
2026-07-05,Brazil,Norway,1,2,0.5222,0.2195,0.2583,H,A,0,1,0,1-0,0.1304,1-2,0,0.2583,1.3535
2026-07-05,Mexico,England,2,3,0.4225,0.2195,0.358,H,A,0,1,1,1-1,0.1307,2-3,0,0.358,1.0272
2026-07-06,Portugal,Spain,0,1,0.2314,0.2195,0.5491,A,A,1,0,1,0-1,0.1331,0-1,1,0.5491,0.5994
2026-07-06,United States,Belgium,1,4,0.3815,0.2195,0.399,A,A,1,1,1,1-1,0.1311,1-4,0,0.399,0.9187
2026-07-07,Argentina,Egypt,3,2,0.694,0.2195,0.0865,H,H,1,2,0,2-0,0.1445,3-2,0,0.694,0.3653
2026-07-07,Switzerland,Colombia,0,0,0.3116,0.2195,0.4689,A,D,0,1,1,1-1,0.1283,0-0,0,0.2195,1.5164
2026-07-09,France,Morocco,2,0,0.5478,0.2195,0.2327,H,H,1,1,0,1-0,0.133,2-0,0,0.5478,0.6018
2026-07-10,Spain,Belgium,2,1,0.5804,0.2195,0.2001,H,H,1,1,0,1-0,0.1352,2-1,0,0.5804,0.544
2026-07-11,Norway,England,1,2,0.2667,0.2195,0.5138,A,A,1,0,1,0-1,0.1295,1-2,0,0.5138,0.6658
2026-07-11,Argentina,Switzerland,3,1,0.5991,0.2195,0.1814,H,H,1,1,0,1-0,0.1357,3-1,0,0.5991,0.5123
2026-07-14,France,Spain,0,2,0.3665,0.2195,0.414,A,A,1,1,1,1-1,0.1309,0-2,0,0.414,0.8819
2026-07-15,England,Argentina,1,2,0.2932,0.2195,0.4873,A,A,1,1,1,1-1,0.1269,1-2,0,0.4873,0.719
2026-07-18,France,England,4,6,0.4386,0.2195,0.3419,H,A,0,1,1,1-1,0.1301,4-6,0,0.3419,1.0734
2026-07-19,Spain,Argentina,1,0,0.4079,0.2195,0.3726,H,H,1,1,1,1-1,0.131,1-0,0,0.4079,0.8968
