team,rating,rank
Spain,2344.290750932269,1
Argentina,2252.3094021351403,2
England,2209.922972645528,3
France,2164.3728009017973,4
Portugal,2096.755166566389,5
Brazil,2085.6359122776603,6
Colombia,2073.3891373548363,7
Netherlands,2046.460968418596,8
Switzerland,2039.8881323946916,9
Belgium,2038.4377920269324,10
Morocco,2022.9958159273353,11
Germany,1977.0837797925983,12
Japan,1974.0613779342052,13
Norway,1973.0794670265695,14
Mexico,1963.927494369826,15
Uruguay,1944.646706251939,17
Ecuador,1942.4572255108858,18
Croatia,1924.740925412178,19
Paraguay,1922.6115049723808,20
Austria,1904.559588730393,22
Australia,1896.5247121925122,23
United States,1885.4669449660123,24
Senegal,1873.0180740140156,26
Iran,1866.8964628024257,27
Turkey,1853.114887119974,29
Algeria,1849.3013069565498,30
Canada,1847.9295540063372,31
South Korea,1844.1067521023972,32
Ivory Coast,1837.7415033588445,34
Egypt,1831.9513261110526,35
Sweden,1829.2561949941137,36
Scotland,1791.951398818648,44
DR Congo,1790.9323713605625,45
Panama,1765.7171330114752,49
Uzbekistan,1748.6359936490112,55
Saudi Arabia,1737.687626660766,60
Czech Republic,1731.636243105783,63
Bosnia and Herzegovina,1725.4393120540683,64
South Africa,1724.7311316948158,65
Jordan,1714.3360349783045,68
New Zealand,1699.3721725531746,71
Haiti,1694.856083297595,72
Iraq,1662.4273429973273,80
Cape Verde,1643.4538305831968,88
Curaçao,1635.577102838035,90
Tunisia,1633.1263953353468,92
Ghana,1622.7082033151632,95
Qatar,1584.944630790816,110
